mode,cases,field_accuracy,missing_field_accuracy,case_completion_accuracy,triage_success_rate
baseline,12,0.8055555555555555,0.7892857142857145,0.3333333333333333,0.5833333333333334
llm,12,0.7222222222222222,0.9444444444444445,0.0,0.3333333333333333
